<Anims>
 <anim name="circle" root="bank" numframes="1000" framerate="40">
  <frame idx="0" w="241" h="241" x="-20.500000" y="-20.500000">
   <element name="images" layername="white_circle" frame="0" z_index="7" m_a="1.000000" m_b="0.000000" m_c="0.000000" m_d="1.000000" m_tx="0.000000" m_ty="0.000000"/>
  </frame>
  <frame idx="25" w="241" h="241" x="-20.500000" y="-20.500000">
   <element name="images" layername="white_circle" frame="0" z_index="7" m_a="1.000000" m_b="0.000000" m_c="0.000000" m_d="1.000000" m_tx="0.000000" m_ty="0.000000"/>
  </frame>
  <frame idx="50" w="241" h="241" x="-20.500000" y="-20.500000">
   <element name="images" layername="white_circle" frame="0" z_index="7" m_a="1.000000" m_b="0.000000" m_c="0.000000" m_d="1.000000" m_tx="0.000000" m_ty="0.000000"/>
  </frame>
  <frame idx="75" w="241" h="241" x="-20.500000" y="-20.500000">
   <element name="images" layername="white_circle" frame="0" z_index="7" m_a="1.000000" m_b="0.000000" m_c="0.000000" m_d="1.000000" m_tx="0.000000" m_ty="0.000000"/>
  </frame>
  <frame idx="100" w="241" h="241" x="-20.500000" y="-20.500000">
   <element name="images" layername="white_circle" frame="0" z_index="7" m_a="1.000000" m_b="0.000000" m_c="0.000000" m_d="1.000000" m_tx="0.000000" m_ty="0.000000"/>
  </frame>
  <frame idx="125" w="241" h="241" x="-20.500000" y="-20.500000">
   <element name="images" layername="white_circle" frame="0" z_index="7" m_a="1.000000" m_b="0.000000" m_c="0.000000" m_d="1.000000" m_tx="0.000000" m_ty="0.000000"/>
  </frame>
  <frame idx="150" w="241" h="241" x="-20.500000" y="-20.500000">
   <element name="images" layername="white_circle" frame="0" z_index="7" m_a="1.000000" m_b="0.000000" m_c="0.000000" m_d="1.000000" m_tx="0.000000" m_ty="0.000000"/>
  </frame>
  <frame idx="175" w="241" h="241" x="-20.500000" y="-20.500000">
   <element name="images" layername="white_circle" frame="0" z_index="7" m_a="1.000000" m_b="0.000000" m_c="0.000000" m_d="1.000000" m_tx="0.000000" m_ty="0.000000"/>
  </frame>
  <frame idx="200" w="241" h="241" x="-20.500000" y="-20.500000">
   <element name="images" layername="white_circle" frame="0" z_index="7" m_a="1.000000" m_b="0.000000" m_c="0.000000" m_d="1.000000" m_tx="0.000000" m_ty="0.000000"/>
  </frame>
  <frame idx="225" w="241" h="241" x="-20.500000" y="-20.500000">
   <element name="images" layername="white_circle" frame="0" z_index="7" m_a="1.000000" m_b="0.000000" m_c="0.000000" m_d="1.000000" m_tx="0.000000" m_ty="0.000000"/>
  </frame>
  <frame idx="250" w="241" h="241" x="-20.500000" y="-20.500000">
   <element name="images" layername="white_circle" frame="0" z_index="7" m_a="1.000000" m_b="0.000000" m_c="0.000000" m_d="1.000000" m_tx="0.000000" m_ty="0.000000"/>
  </frame>
  <frame idx="275" w="241" h="241" x="-20.500000" y="-20.500000">
   <element name="images" layername="white_circle" frame="0" z_index="7" m_a="1.000000" m_b="0.000000" m_c="0.000000" m_d="1.000000" m_tx="0.000000" m_ty="0.000000"/>
  </frame>
  <frame idx="300" w="241" h="241" x="-20.500000" y="-20.500000">
   <element name="images" layername="white_circle" frame="0" z_index="7" m_a="1.000000" m_b="0.000000" m_c="0.000000" m_d="1.000000" m_tx="0.000000" m_ty="0.000000"/>
  </frame>
  <frame idx="325" w="241" h="241" x="-20.500000" y="-20.500000">
   <element name="images" layername="white_circle" frame="0" z_index="7" m_a="1.000000" m_b="0.000000" m_c="0.000000" m_d="1.000000" m_tx="0.000000" m_ty="0.000000"/>
  </frame>
  <frame idx="350" w="241" h="241" x="-20.500000" y="-20.500000">
   <element name="images" layername="white_circle" frame="0" z_index="7" m_a="1.000000" m_b="0.000000" m_c="0.000000" m_d="1.000000" m_tx="0.000000" m_ty="0.000000"/>
  </frame>
  <frame idx="375" w="241" h="241" x="-20.500000" y="-20.500000">
   <element name="images" layername="white_circle" frame="0" z_index="7" m_a="1.000000" m_b="0.000000" m_c="0.000000" m_d="1.000000" m_tx="0.000000" m_ty="0.000000"/>
  </frame>
  <frame idx="400" w="241" h="241" x="-20.500000" y="-20.500000">
   <element name="images" layername="white_circle" frame="0" z_index="7" m_a="1.000000" m_b="0.000000" m_c="0.000000" m_d="1.000000" m_tx="0.000000" m_ty="0.000000"/>
  </frame>
  <frame idx="425" w="241" h="241" x="-20.500000" y="-20.500000">
   <element name="images" layername="white_circle" frame="0" z_index="7" m_a="1.000000" m_b="0.000000" m_c="0.000000" m_d="1.000000" m_tx="0.000000" m_ty="0.000000"/>
  </frame>
  <frame idx="450" w="241" h="241" x="-20.500000" y="-20.500000">
   <element name="images" layername="white_circle" frame="0" z_index="7" m_a="1.000000" m_b="0.000000" m_c="0.000000" m_d="1.000000" m_tx="0.000000" m_ty="0.000000"/>
  </frame>
  <frame idx="475" w="241" h="241" x="-20.500000" y="-20.500000">
   <element name="images" layername="white_circle" frame="0" z_index="7" m_a="1.000000" m_b="0.000000" m_c="0.000000" m_d="1.000000" m_tx="0.000000" m_ty="0.000000"/>
  </frame>
  <frame idx="500" w="241" h="241" x="-20.500000" y="-20.500000">
   <element name="images" layername="white_circle" frame="0" z_index="7" m_a="1.000000" m_b="0.000000" m_c="0.000000" m_d="1.000000" m_tx="0.000000" m_ty="0.000000"/>
  </frame>
  <frame idx="525" w="241" h="241" x="-20.500000" y="-20.500000">
   <element name="images" layername="white_circle" frame="0" z_index="7" m_a="1.000000" m_b="0.000000" m_c="0.000000" m_d="1.000000" m_tx="0.000000" m_ty="0.000000"/>
  </frame>
  <frame idx="550" w="241" h="241" x="-20.500000" y="-20.500000">
   <element name="images" layername="white_circle" frame="0" z_index="7" m_a="1.000000" m_b="0.000000" m_c="0.000000" m_d="1.000000" m_tx="0.000000" m_ty="0.000000"/>
  </frame>
  <frame idx="575" w="241" h="241" x="-20.500000" y="-20.500000">
   <element name="images" layername="white_circle" frame="0" z_index="7" m_a="1.000000" m_b="0.000000" m_c="0.000000" m_d="1.000000" m_tx="0.000000" m_ty="0.000000"/>
  </frame>
  <frame idx="600" w="241" h="241" x="-20.500000" y="-20.500000">
   <element name="images" layername="white_circle" frame="0" z_index="7" m_a="1.000000" m_b="0.000000" m_c="0.000000" m_d="1.000000" m_tx="0.000000" m_ty="0.000000"/>
  </frame>
  <frame idx="625" w="241" h="241" x="-20.500000" y="-20.500000">
   <element name="images" layername="white_circle" frame="0" z_index="7" m_a="1.000000" m_b="0.000000" m_c="0.000000" m_d="1.000000" m_tx="0.000000" m_ty="0.000000"/>
  </frame>
  <frame idx="650" w="241" h="241" x="-20.500000" y="-20.500000">
   <element name="images" layername="white_circle" frame="0" z_index="7" m_a="1.000000" m_b="0.000000" m_c="0.000000" m_d="1.000000" m_tx="0.000000" m_ty="0.000000"/>
  </frame>
  <frame idx="675" w="241" h="241" x="-20.500000" y="-20.500000">
   <element name="images" layername="white_circle" frame="0" z_index="7" m_a="1.000000" m_b="0.000000" m_c="0.000000" m_d="1.000000" m_tx="0.000000" m_ty="0.000000"/>
  </frame>
  <frame idx="700" w="241" h="241" x="-20.500000" y="-20.500000">
   <element name="images" layername="white_circle" frame="0" z_index="7" m_a="1.000000" m_b="0.000000" m_c="0.000000" m_d="1.000000" m_tx="0.000000" m_ty="0.000000"/>
  </frame>
  <frame idx="725" w="241" h="241" x="-20.500000" y="-20.500000">
   <element name="images" layername="white_circle" frame="0" z_index="7" m_a="1.000000" m_b="0.000000" m_c="0.000000" m_d="1.000000" m_tx="0.000000" m_ty="0.000000"/>
  </frame>
  <frame idx="750" w="241" h="241" x="-20.500000" y="-20.500000">
   <element name="images" layername="white_circle" frame="0" z_index="7" m_a="1.000000" m_b="0.000000" m_c="0.000000" m_d="1.000000" m_tx="0.000000" m_ty="0.000000"/>
  </frame>
  <frame idx="775" w="241" h="241" x="-20.500000" y="-20.500000">
   <element name="images" layername="white_circle" frame="0" z_index="7" m_a="1.000000" m_b="0.000000" m_c="0.000000" m_d="1.000000" m_tx="0.000000" m_ty="0.000000"/>
  </frame>
  <frame idx="800" w="241" h="241" x="-20.500000" y="-20.500000">
   <element name="images" layername="white_circle" frame="0" z_index="7" m_a="1.000000" m_b="0.000000" m_c="0.000000" m_d="1.000000" m_tx="0.000000" m_ty="0.000000"/>
  </frame>
  <frame idx="825" w="241" h="241" x="-20.500000" y="-20.500000">
   <element name="images" layername="white_circle" frame="0" z_index="7" m_a="1.000000" m_b="0.000000" m_c="0.000000" m_d="1.000000" m_tx="0.000000" m_ty="0.000000"/>
  </frame>
  <frame idx="850" w="241" h="241" x="-20.500000" y="-20.500000">
   <element name="images" layername="white_circle" frame="0" z_index="7" m_a="1.000000" m_b="0.000000" m_c="0.000000" m_d="1.000000" m_tx="0.000000" m_ty="0.000000"/>
  </frame>
  <frame idx="875" w="241" h="241" x="-20.500000" y="-20.500000">
   <element name="images" layername="white_circle" frame="0" z_index="7" m_a="1.000000" m_b="0.000000" m_c="0.000000" m_d="1.000000" m_tx="0.000000" m_ty="0.000000"/>
  </frame>
  <frame idx="900" w="241" h="241" x="-20.500000" y="-20.500000">
   <element name="images" layername="white_circle" frame="0" z_index="7" m_a="1.000000" m_b="0.000000" m_c="0.000000" m_d="1.000000" m_tx="0.000000" m_ty="0.000000"/>
  </frame>
  <frame idx="925" w="241" h="241" x="-20.500000" y="-20.500000">
   <element name="images" layername="white_circle" frame="0" z_index="7" m_a="1.000000" m_b="0.000000" m_c="0.000000" m_d="1.000000" m_tx="0.000000" m_ty="0.000000"/>
  </frame>
  <frame idx="950" w="241" h="241" x="-20.500000" y="-20.500000">
   <element name="images" layername="white_circle" frame="0" z_index="7" m_a="1.000000" m_b="0.000000" m_c="0.000000" m_d="1.000000" m_tx="0.000000" m_ty="0.000000"/>
  </frame>
  <frame idx="975" w="241" h="241" x="-20.500000" y="-20.500000">
   <element name="images" layername="white_circle" frame="0" z_index="7" m_a="1.000000" m_b="0.000000" m_c="0.000000" m_d="1.000000" m_tx="0.000000" m_ty="0.000000"/>
  </frame>
 </anim>
 <anim name="red" root="bank" numframes="1000" framerate="40">
  <frame idx="0" w="179" h="310" x="-15.000000" y="-112.000000">
   <element name="images" layername="red_arrow_down" frame="1" z_index="7" m_a="1.000000" m_b="0.000000" m_c="0.000000" m_d="1.000000" m_tx="0.000000" m_ty="0.000000"/>
  </frame>
  <frame idx="25" w="179" h="310" x="-15.000000" y="-112.000000">
   <element name="images" layername="red_arrow_down" frame="1" z_index="7" m_a="1.000000" m_b="0.000000" m_c="0.000000" m_d="1.000000" m_tx="0.000000" m_ty="0.000000"/>
  </frame>
  <frame idx="50" w="179" h="310" x="-15.000000" y="-112.000000">
   <element name="images" layername="red_arrow_down" frame="1" z_index="7" m_a="1.000000" m_b="0.000000" m_c="0.000000" m_d="1.000000" m_tx="0.000000" m_ty="0.000000"/>
  </frame>
  <frame idx="75" w="179" h="310" x="-15.000000" y="-112.000000">
   <element name="images" layername="red_arrow_down" frame="1" z_index="7" m_a="1.000000" m_b="0.000000" m_c="0.000000" m_d="1.000000" m_tx="0.000000" m_ty="0.000000"/>
  </frame>
  <frame idx="100" w="179" h="310" x="-15.000000" y="-112.000000">
   <element name="images" layername="red_arrow_down" frame="1" z_index="7" m_a="1.000000" m_b="0.000000" m_c="0.000000" m_d="1.000000" m_tx="0.000000" m_ty="0.000000"/>
  </frame>
  <frame idx="125" w="179" h="310" x="-15.000000" y="-112.000000">
   <element name="images" layername="red_arrow_down" frame="1" z_index="7" m_a="1.000000" m_b="0.000000" m_c="0.000000" m_d="1.000000" m_tx="0.000000" m_ty="0.000000"/>
  </frame>
  <frame idx="150" w="179" h="310" x="-15.000000" y="-112.000000">
   <element name="images" layername="red_arrow_down" frame="1" z_index="7" m_a="1.000000" m_b="0.000000" m_c="0.000000" m_d="1.000000" m_tx="0.000000" m_ty="0.000000"/>
  </frame>
  <frame idx="175" w="179" h="310" x="-15.000000" y="-112.000000">
   <element name="images" layername="red_arrow_down" frame="1" z_index="7" m_a="1.000000" m_b="0.000000" m_c="0.000000" m_d="1.000000" m_tx="0.000000" m_ty="0.000000"/>
  </frame>
  <frame idx="200" w="179" h="310" x="-15.000000" y="-112.000000">
   <element name="images" layername="red_arrow_down" frame="1" z_index="7" m_a="1.000000" m_b="0.000000" m_c="0.000000" m_d="1.000000" m_tx="0.000000" m_ty="0.000000"/>
  </frame>
  <frame idx="225" w="179" h="310" x="-15.000000" y="-112.000000">
   <element name="images" layername="red_arrow_down" frame="1" z_index="7" m_a="1.000000" m_b="0.000000" m_c="0.000000" m_d="1.000000" m_tx="0.000000" m_ty="0.000000"/>
  </frame>
  <frame idx="250" w="179" h="310" x="-15.000000" y="-112.000000">
   <element name="images" layername="red_arrow_down" frame="1" z_index="7" m_a="1.000000" m_b="0.000000" m_c="0.000000" m_d="1.000000" m_tx="0.000000" m_ty="0.000000"/>
  </frame>
  <frame idx="275" w="179" h="310" x="-15.000000" y="-112.000000">
   <element name="images" layername="red_arrow_down" frame="1" z_index="7" m_a="1.000000" m_b="0.000000" m_c="0.000000" m_d="1.000000" m_tx="0.000000" m_ty="0.000000"/>
  </frame>
  <frame idx="300" w="179" h="310" x="-15.000000" y="-112.000000">
   <element name="images" layername="red_arrow_down" frame="1" z_index="7" m_a="1.000000" m_b="0.000000" m_c="0.000000" m_d="1.000000" m_tx="0.000000" m_ty="0.000000"/>
  </frame>
  <frame idx="325" w="179" h="310" x="-15.000000" y="-112.000000">
   <element name="images" layername="red_arrow_down" frame="1" z_index="7" m_a="1.000000" m_b="0.000000" m_c="0.000000" m_d="1.000000" m_tx="0.000000" m_ty="0.000000"/>
  </frame>
  <frame idx="350" w="179" h="310" x="-15.000000" y="-112.000000">
   <element name="images" layername="red_arrow_down" frame="1" z_index="7" m_a="1.000000" m_b="0.000000" m_c="0.000000" m_d="1.000000" m_tx="0.000000" m_ty="0.000000"/>
  </frame>
  <frame idx="375" w="179" h="310" x="-15.000000" y="-112.000000">
   <element name="images" layername="red_arrow_down" frame="1" z_index="7" m_a="1.000000" m_b="0.000000" m_c="0.000000" m_d="1.000000" m_tx="0.000000" m_ty="0.000000"/>
  </frame>
  <frame idx="400" w="179" h="310" x="-15.000000" y="-112.000000">
   <element name="images" layername="red_arrow_down" frame="1" z_index="7" m_a="1.000000" m_b="0.000000" m_c="0.000000" m_d="1.000000" m_tx="0.000000" m_ty="0.000000"/>
  </frame>
  <frame idx="425" w="179" h="310" x="-15.000000" y="-112.000000">
   <element name="images" layername="red_arrow_down" frame="1" z_index="7" m_a="1.000000" m_b="0.000000" m_c="0.000000" m_d="1.000000" m_tx="0.000000" m_ty="0.000000"/>
  </frame>
  <frame idx="450" w="179" h="310" x="-15.000000" y="-112.000000">
   <element name="images" layername="red_arrow_down" frame="1" z_index="7" m_a="1.000000" m_b="0.000000" m_c="0.000000" m_d="1.000000" m_tx="0.000000" m_ty="0.000000"/>
  </frame>
  <frame idx="475" w="179" h="310" x="-15.000000" y="-112.000000">
   <element name="images" layername="red_arrow_down" frame="1" z_index="7" m_a="1.000000" m_b="0.000000" m_c="0.000000" m_d="1.000000" m_tx="0.000000" m_ty="0.000000"/>
  </frame>
  <frame idx="500" w="179" h="310" x="-15.000000" y="-112.000000">
   <element name="images" layername="red_arrow_down" frame="1" z_index="7" m_a="1.000000" m_b="0.000000" m_c="0.000000" m_d="1.000000" m_tx="0.000000" m_ty="0.000000"/>
  </frame>
  <frame idx="525" w="179" h="310" x="-15.000000" y="-112.000000">
   <element name="images" layername="red_arrow_down" frame="1" z_index="7" m_a="1.000000" m_b="0.000000" m_c="0.000000" m_d="1.000000" m_tx="0.000000" m_ty="0.000000"/>
  </frame>
  <frame idx="550" w="179" h="310" x="-15.000000" y="-112.000000">
   <element name="images" layername="red_arrow_down" frame="1" z_index="7" m_a="1.000000" m_b="0.000000" m_c="0.000000" m_d="1.000000" m_tx="0.000000" m_ty="0.000000"/>
  </frame>
  <frame idx="575" w="179" h="310" x="-15.000000" y="-112.000000">
   <element name="images" layername="red_arrow_down" frame="1" z_index="7" m_a="1.000000" m_b="0.000000" m_c="0.000000" m_d="1.000000" m_tx="0.000000" m_ty="0.000000"/>
  </frame>
  <frame idx="600" w="179" h="310" x="-15.000000" y="-112.000000">
   <element name="images" layername="red_arrow_down" frame="1" z_index="7" m_a="1.000000" m_b="0.000000" m_c="0.000000" m_d="1.000000" m_tx="0.000000" m_ty="0.000000"/>
  </frame>
  <frame idx="625" w="179" h="310" x="-15.000000" y="-112.000000">
   <element name="images" layername="red_arrow_down" frame="1" z_index="7" m_a="1.000000" m_b="0.000000" m_c="0.000000" m_d="1.000000" m_tx="0.000000" m_ty="0.000000"/>
  </frame>
  <frame idx="650" w="179" h="310" x="-15.000000" y="-112.000000">
   <element name="images" layername="red_arrow_down" frame="1" z_index="7" m_a="1.000000" m_b="0.000000" m_c="0.000000" m_d="1.000000" m_tx="0.000000" m_ty="0.000000"/>
  </frame>
  <frame idx="675" w="179" h="310" x="-15.000000" y="-112.000000">
   <element name="images" layername="red_arrow_down" frame="1" z_index="7" m_a="1.000000" m_b="0.000000" m_c="0.000000" m_d="1.000000" m_tx="0.000000" m_ty="0.000000"/>
  </frame>
  <frame idx="700" w="179" h="310" x="-15.000000" y="-112.000000">
   <element name="images" layername="red_arrow_down" frame="1" z_index="7" m_a="1.000000" m_b="0.000000" m_c="0.000000" m_d="1.000000" m_tx="0.000000" m_ty="0.000000"/>
  </frame>
  <frame idx="725" w="179" h="310" x="-15.000000" y="-112.000000">
   <element name="images" layername="red_arrow_down" frame="1" z_index="7" m_a="1.000000" m_b="0.000000" m_c="0.000000" m_d="1.000000" m_tx="0.000000" m_ty="0.000000"/>
  </frame>
  <frame idx="750" w="179" h="310" x="-15.000000" y="-112.000000">
   <element name="images" layername="red_arrow_down" frame="1" z_index="7" m_a="1.000000" m_b="0.000000" m_c="0.000000" m_d="1.000000" m_tx="0.000000" m_ty="0.000000"/>
  </frame>
  <frame idx="775" w="179" h="310" x="-15.000000" y="-112.000000">
   <element name="images" layername="red_arrow_down" frame="1" z_index="7" m_a="1.000000" m_b="0.000000" m_c="0.000000" m_d="1.000000" m_tx="0.000000" m_ty="0.000000"/>
  </frame>
  <frame idx="800" w="179" h="310" x="-15.000000" y="-112.000000">
   <element name="images" layername="red_arrow_down" frame="1" z_index="7" m_a="1.000000" m_b="0.000000" m_c="0.000000" m_d="1.000000" m_tx="0.000000" m_ty="0.000000"/>
  </frame>
  <frame idx="825" w="179" h="310" x="-15.000000" y="-112.000000">
   <element name="images" layername="red_arrow_down" frame="1" z_index="7" m_a="1.000000" m_b="0.000000" m_c="0.000000" m_d="1.000000" m_tx="0.000000" m_ty="0.000000"/>
  </frame>
  <frame idx="850" w="179" h="310" x="-15.000000" y="-112.000000">
   <element name="images" layername="red_arrow_down" frame="1" z_index="7" m_a="1.000000" m_b="0.000000" m_c="0.000000" m_d="1.000000" m_tx="0.000000" m_ty="0.000000"/>
  </frame>
  <frame idx="875" w="179" h="310" x="-15.000000" y="-112.000000">
   <element name="images" layername="red_arrow_down" frame="1" z_index="7" m_a="1.000000" m_b="0.000000" m_c="0.000000" m_d="1.000000" m_tx="0.000000" m_ty="0.000000"/>
  </frame>
  <frame idx="900" w="179" h="310" x="-15.000000" y="-112.000000">
   <element name="images" layername="red_arrow_down" frame="1" z_index="7" m_a="1.000000" m_b="0.000000" m_c="0.000000" m_d="1.000000" m_tx="0.000000" m_ty="0.000000"/>
  </frame>
  <frame idx="925" w="179" h="310" x="-15.000000" y="-112.000000">
   <element name="images" layername="red_arrow_down" frame="1" z_index="7" m_a="1.000000" m_b="0.000000" m_c="0.000000" m_d="1.000000" m_tx="0.000000" m_ty="0.000000"/>
  </frame>
  <frame idx="950" w="179" h="310" x="-15.000000" y="-112.000000">
   <element name="images" layername="red_arrow_down" frame="1" z_index="7" m_a="1.000000" m_b="0.000000" m_c="0.000000" m_d="1.000000" m_tx="0.000000" m_ty="0.000000"/>
  </frame>
  <frame idx="975" w="179" h="310" x="-15.000000" y="-112.000000">
   <element name="images" layername="red_arrow_down" frame="1" z_index="7" m_a="1.000000" m_b="0.000000" m_c="0.000000" m_d="1.000000" m_tx="0.000000" m_ty="0.000000"/>
  </frame>
 </anim>
 <anim name="green" root="bank" numframes="1000" framerate="40">
  <frame idx="0" w="179" h="310" x="-15.000000" y="-112.000000">
   <element name="images" layername="red_arrow_down" frame="2" z_index="7" m_a="1.000000" m_b="0.000000" m_c="0.000000" m_d="1.000000" m_tx="0.000000" m_ty="0.000000"/>
  </frame>
  <frame idx="25" w="179" h="310" x="-15.000000" y="-112.000000">
   <element name="images" layername="red_arrow_down" frame="2" z_index="7" m_a="1.000000" m_b="0.000000" m_c="0.000000" m_d="1.000000" m_tx="0.000000" m_ty="0.000000"/>
  </frame>
  <frame idx="50" w="179" h="310" x="-15.000000" y="-112.000000">
   <element name="images" layername="red_arrow_down" frame="2" z_index="7" m_a="1.000000" m_b="0.000000" m_c="0.000000" m_d="1.000000" m_tx="0.000000" m_ty="0.000000"/>
  </frame>
  <frame idx="75" w="179" h="310" x="-15.000000" y="-112.000000">
   <element name="images" layername="red_arrow_down" frame="2" z_index="7" m_a="1.000000" m_b="0.000000" m_c="0.000000" m_d="1.000000" m_tx="0.000000" m_ty="0.000000"/>
  </frame>
  <frame idx="100" w="179" h="310" x="-15.000000" y="-112.000000">
   <element name="images" layername="red_arrow_down" frame="2" z_index="7" m_a="1.000000" m_b="0.000000" m_c="0.000000" m_d="1.000000" m_tx="0.000000" m_ty="0.000000"/>
  </frame>
  <frame idx="125" w="179" h="310" x="-15.000000" y="-112.000000">
   <element name="images" layername="red_arrow_down" frame="2" z_index="7" m_a="1.000000" m_b="0.000000" m_c="0.000000" m_d="1.000000" m_tx="0.000000" m_ty="0.000000"/>
  </frame>
  <frame idx="150" w="179" h="310" x="-15.000000" y="-112.000000">
   <element name="images" layername="red_arrow_down" frame="2" z_index="7" m_a="1.000000" m_b="0.000000" m_c="0.000000" m_d="1.000000" m_tx="0.000000" m_ty="0.000000"/>
  </frame>
  <frame idx="175" w="179" h="310" x="-15.000000" y="-112.000000">
   <element name="images" layername="red_arrow_down" frame="2" z_index="7" m_a="1.000000" m_b="0.000000" m_c="0.000000" m_d="1.000000" m_tx="0.000000" m_ty="0.000000"/>
  </frame>
  <frame idx="200" w="179" h="310" x="-15.000000" y="-112.000000">
   <element name="images" layername="red_arrow_down" frame="2" z_index="7" m_a="1.000000" m_b="0.000000" m_c="0.000000" m_d="1.000000" m_tx="0.000000" m_ty="0.000000"/>
  </frame>
  <frame idx="225" w="179" h="310" x="-15.000000" y="-112.000000">
   <element name="images" layername="red_arrow_down" frame="2" z_index="7" m_a="1.000000" m_b="0.000000" m_c="0.000000" m_d="1.000000" m_tx="0.000000" m_ty="0.000000"/>
  </frame>
  <frame idx="250" w="179" h="310" x="-15.000000" y="-112.000000">
   <element name="images" layername="red_arrow_down" frame="2" z_index="7" m_a="1.000000" m_b="0.000000" m_c="0.000000" m_d="1.000000" m_tx="0.000000" m_ty="0.000000"/>
  </frame>
  <frame idx="275" w="179" h="310" x="-15.000000" y="-112.000000">
   <element name="images" layername="red_arrow_down" frame="2" z_index="7" m_a="1.000000" m_b="0.000000" m_c="0.000000" m_d="1.000000" m_tx="0.000000" m_ty="0.000000"/>
  </frame>
  <frame idx="300" w="179" h="310" x="-15.000000" y="-112.000000">
   <element name="images" layername="red_arrow_down" frame="2" z_index="7" m_a="1.000000" m_b="0.000000" m_c="0.000000" m_d="1.000000" m_tx="0.000000" m_ty="0.000000"/>
  </frame>
  <frame idx="325" w="179" h="310" x="-15.000000" y="-112.000000">
   <element name="images" layername="red_arrow_down" frame="2" z_index="7" m_a="1.000000" m_b="0.000000" m_c="0.000000" m_d="1.000000" m_tx="0.000000" m_ty="0.000000"/>
  </frame>
  <frame idx="350" w="179" h="310" x="-15.000000" y="-112.000000">
   <element name="images" layername="red_arrow_down" frame="2" z_index="7" m_a="1.000000" m_b="0.000000" m_c="0.000000" m_d="1.000000" m_tx="0.000000" m_ty="0.000000"/>
  </frame>
  <frame idx="375" w="179" h="310" x="-15.000000" y="-112.000000">
   <element name="images" layername="red_arrow_down" frame="2" z_index="7" m_a="1.000000" m_b="0.000000" m_c="0.000000" m_d="1.000000" m_tx="0.000000" m_ty="0.000000"/>
  </frame>
  <frame idx="400" w="179" h="310" x="-15.000000" y="-112.000000">
   <element name="images" layername="red_arrow_down" frame="2" z_index="7" m_a="1.000000" m_b="0.000000" m_c="0.000000" m_d="1.000000" m_tx="0.000000" m_ty="0.000000"/>
  </frame>
  <frame idx="425" w="179" h="310" x="-15.000000" y="-112.000000">
   <element name="images" layername="red_arrow_down" frame="2" z_index="7" m_a="1.000000" m_b="0.000000" m_c="0.000000" m_d="1.000000" m_tx="0.000000" m_ty="0.000000"/>
  </frame>
  <frame idx="450" w="179" h="310" x="-15.000000" y="-112.000000">
   <element name="images" layername="red_arrow_down" frame="2" z_index="7" m_a="1.000000" m_b="0.000000" m_c="0.000000" m_d="1.000000" m_tx="0.000000" m_ty="0.000000"/>
  </frame>
  <frame idx="475" w="179" h="310" x="-15.000000" y="-112.000000">
   <element name="images" layername="red_arrow_down" frame="2" z_index="7" m_a="1.000000" m_b="0.000000" m_c="0.000000" m_d="1.000000" m_tx="0.000000" m_ty="0.000000"/>
  </frame>
  <frame idx="500" w="179" h="310" x="-15.000000" y="-112.000000">
   <element name="images" layername="red_arrow_down" frame="2" z_index="7" m_a="1.000000" m_b="0.000000" m_c="0.000000" m_d="1.000000" m_tx="0.000000" m_ty="0.000000"/>
  </frame>
  <frame idx="525" w="179" h="310" x="-15.000000" y="-112.000000">
   <element name="images" layername="red_arrow_down" frame="2" z_index="7" m_a="1.000000" m_b="0.000000" m_c="0.000000" m_d="1.000000" m_tx="0.000000" m_ty="0.000000"/>
  </frame>
  <frame idx="550" w="179" h="310" x="-15.000000" y="-112.000000">
   <element name="images" layername="red_arrow_down" frame="2" z_index="7" m_a="1.000000" m_b="0.000000" m_c="0.000000" m_d="1.000000" m_tx="0.000000" m_ty="0.000000"/>
  </frame>
  <frame idx="575" w="179" h="310" x="-15.000000" y="-112.000000">
   <element name="images" layername="red_arrow_down" frame="2" z_index="7" m_a="1.000000" m_b="0.000000" m_c="0.000000" m_d="1.000000" m_tx="0.000000" m_ty="0.000000"/>
  </frame>
  <frame idx="600" w="179" h="310" x="-15.000000" y="-112.000000">
   <element name="images" layername="red_arrow_down" frame="2" z_index="7" m_a="1.000000" m_b="0.000000" m_c="0.000000" m_d="1.000000" m_tx="0.000000" m_ty="0.000000"/>
  </frame>
  <frame idx="625" w="179" h="310" x="-15.000000" y="-112.000000">
   <element name="images" layername="red_arrow_down" frame="2" z_index="7" m_a="1.000000" m_b="0.000000" m_c="0.000000" m_d="1.000000" m_tx="0.000000" m_ty="0.000000"/>
  </frame>
  <frame idx="650" w="179" h="310" x="-15.000000" y="-112.000000">
   <element name="images" layername="red_arrow_down" frame="2" z_index="7" m_a="1.000000" m_b="0.000000" m_c="0.000000" m_d="1.000000" m_tx="0.000000" m_ty="0.000000"/>
  </frame>
  <frame idx="675" w="179" h="310" x="-15.000000" y="-112.000000">
   <element name="images" layername="red_arrow_down" frame="2" z_index="7" m_a="1.000000" m_b="0.000000" m_c="0.000000" m_d="1.000000" m_tx="0.000000" m_ty="0.000000"/>
  </frame>
  <frame idx="700" w="179" h="310" x="-15.000000" y="-112.000000">
   <element name="images" layername="red_arrow_down" frame="2" z_index="7" m_a="1.000000" m_b="0.000000" m_c="0.000000" m_d="1.000000" m_tx="0.000000" m_ty="0.000000"/>
  </frame>
  <frame idx="725" w="179" h="310" x="-15.000000" y="-112.000000">
   <element name="images" layername="red_arrow_down" frame="2" z_index="7" m_a="1.000000" m_b="0.000000" m_c="0.000000" m_d="1.000000" m_tx="0.000000" m_ty="0.000000"/>
  </frame>
  <frame idx="750" w="179" h="310" x="-15.000000" y="-112.000000">
   <element name="images" layername="red_arrow_down" frame="2" z_index="7" m_a="1.000000" m_b="0.000000" m_c="0.000000" m_d="1.000000" m_tx="0.000000" m_ty="0.000000"/>
  </frame>
  <frame idx="775" w="179" h="310" x="-15.000000" y="-112.000000">
   <element name="images" layername="red_arrow_down" frame="2" z_index="7" m_a="1.000000" m_b="0.000000" m_c="0.000000" m_d="1.000000" m_tx="0.000000" m_ty="0.000000"/>
  </frame>
  <frame idx="800" w="179" h="310" x="-15.000000" y="-112.000000">
   <element name="images" layername="red_arrow_down" frame="2" z_index="7" m_a="1.000000" m_b="0.000000" m_c="0.000000" m_d="1.000000" m_tx="0.000000" m_ty="0.000000"/>
  </frame>
  <frame idx="825" w="179" h="310" x="-15.000000" y="-112.000000">
   <element name="images" layername="red_arrow_down" frame="2" z_index="7" m_a="1.000000" m_b="0.000000" m_c="0.000000" m_d="1.000000" m_tx="0.000000" m_ty="0.000000"/>
  </frame>
  <frame idx="850" w="179" h="310" x="-15.000000" y="-112.000000">
   <element name="images" layername="red_arrow_down" frame="2" z_index="7" m_a="1.000000" m_b="0.000000" m_c="0.000000" m_d="1.000000" m_tx="0.000000" m_ty="0.000000"/>
  </frame>
  <frame idx="875" w="179" h="310" x="-15.000000" y="-112.000000">
   <element name="images" layername="red_arrow_down" frame="2" z_index="7" m_a="1.000000" m_b="0.000000" m_c="0.000000" m_d="1.000000" m_tx="0.000000" m_ty="0.000000"/>
  </frame>
  <frame idx="900" w="179" h="310" x="-15.000000" y="-112.000000">
   <element name="images" layername="red_arrow_down" frame="2" z_index="7" m_a="1.000000" m_b="0.000000" m_c="0.000000" m_d="1.000000" m_tx="0.000000" m_ty="0.000000"/>
  </frame>
  <frame idx="925" w="179" h="310" x="-15.000000" y="-112.000000">
   <element name="images" layername="red_arrow_down" frame="2" z_index="7" m_a="1.000000" m_b="0.000000" m_c="0.000000" m_d="1.000000" m_tx="0.000000" m_ty="0.000000"/>
  </frame>
  <frame idx="950" w="179" h="310" x="-15.000000" y="-112.000000">
   <element name="images" layername="red_arrow_down" frame="2" z_index="7" m_a="1.000000" m_b="0.000000" m_c="0.000000" m_d="1.000000" m_tx="0.000000" m_ty="0.000000"/>
  </frame>
  <frame idx="975" w="179" h="310" x="-15.000000" y="-112.000000">
   <element name="images" layername="red_arrow_down" frame="2" z_index="7" m_a="1.000000" m_b="0.000000" m_c="0.000000" m_d="1.000000" m_tx="0.000000" m_ty="0.000000"/>
  </frame>
 </anim>
 <anim name="blue" root="bank" numframes="1000" framerate="40">
  <frame idx="0" w="179" h="310" x="-15.000000" y="-112.000000">
   <element name="images" layername="red_arrow_down" frame="3" z_index="7" m_a="1.000000" m_b="0.000000" m_c="0.000000" m_d="1.000000" m_tx="0.000000" m_ty="0.000000"/>
  </frame>
  <frame idx="25" w="179" h="310" x="-15.000000" y="-112.000000">
   <element name="images" layername="red_arrow_down" frame="3" z_index="7" m_a="1.000000" m_b="0.000000" m_c="0.000000" m_d="1.000000" m_tx="0.000000" m_ty="0.000000"/>
  </frame>
  <frame idx="50" w="179" h="310" x="-15.000000" y="-112.000000">
   <element name="images" layername="red_arrow_down" frame="3" z_index="7" m_a="1.000000" m_b="0.000000" m_c="0.000000" m_d="1.000000" m_tx="0.000000" m_ty="0.000000"/>
  </frame>
  <frame idx="75" w="179" h="310" x="-15.000000" y="-112.000000">
   <element name="images" layername="red_arrow_down" frame="3" z_index="7" m_a="1.000000" m_b="0.000000" m_c="0.000000" m_d="1.000000" m_tx="0.000000" m_ty="0.000000"/>
  </frame>
  <frame idx="100" w="179" h="310" x="-15.000000" y="-112.000000">
   <element name="images" layername="red_arrow_down" frame="3" z_index="7" m_a="1.000000" m_b="0.000000" m_c="0.000000" m_d="1.000000" m_tx="0.000000" m_ty="0.000000"/>
  </frame>
  <frame idx="125" w="179" h="310" x="-15.000000" y="-112.000000">
   <element name="images" layername="red_arrow_down" frame="3" z_index="7" m_a="1.000000" m_b="0.000000" m_c="0.000000" m_d="1.000000" m_tx="0.000000" m_ty="0.000000"/>
  </frame>
  <frame idx="150" w="179" h="310" x="-15.000000" y="-112.000000">
   <element name="images" layername="red_arrow_down" frame="3" z_index="7" m_a="1.000000" m_b="0.000000" m_c="0.000000" m_d="1.000000" m_tx="0.000000" m_ty="0.000000"/>
  </frame>
  <frame idx="175" w="179" h="310" x="-15.000000" y="-112.000000">
   <element name="images" layername="red_arrow_down" frame="3" z_index="7" m_a="1.000000" m_b="0.000000" m_c="0.000000" m_d="1.000000" m_tx="0.000000" m_ty="0.000000"/>
  </frame>
  <frame idx="200" w="179" h="310" x="-15.000000" y="-112.000000">
   <element name="images" layername="red_arrow_down" frame="3" z_index="7" m_a="1.000000" m_b="0.000000" m_c="0.000000" m_d="1.000000" m_tx="0.000000" m_ty="0.000000"/>
  </frame>
  <frame idx="225" w="179" h="310" x="-15.000000" y="-112.000000">
   <element name="images" layername="red_arrow_down" frame="3" z_index="7" m_a="1.000000" m_b="0.000000" m_c="0.000000" m_d="1.000000" m_tx="0.000000" m_ty="0.000000"/>
  </frame>
  <frame idx="250" w="179" h="310" x="-15.000000" y="-112.000000">
   <element name="images" layername="red_arrow_down" frame="3" z_index="7" m_a="1.000000" m_b="0.000000" m_c="0.000000" m_d="1.000000" m_tx="0.000000" m_ty="0.000000"/>
  </frame>
  <frame idx="275" w="179" h="310" x="-15.000000" y="-112.000000">
   <element name="images" layername="red_arrow_down" frame="3" z_index="7" m_a="1.000000" m_b="0.000000" m_c="0.000000" m_d="1.000000" m_tx="0.000000" m_ty="0.000000"/>
  </frame>
  <frame idx="300" w="179" h="310" x="-15.000000" y="-112.000000">
   <element name="images" layername="red_arrow_down" frame="3" z_index="7" m_a="1.000000" m_b="0.000000" m_c="0.000000" m_d="1.000000" m_tx="0.000000" m_ty="0.000000"/>
  </frame>
  <frame idx="325" w="179" h="310" x="-15.000000" y="-112.000000">
   <element name="images" layername="red_arrow_down" frame="3" z_index="7" m_a="1.000000" m_b="0.000000" m_c="0.000000" m_d="1.000000" m_tx="0.000000" m_ty="0.000000"/>
  </frame>
  <frame idx="350" w="179" h="310" x="-15.000000" y="-112.000000">
   <element name="images" layername="red_arrow_down" frame="3" z_index="7" m_a="1.000000" m_b="0.000000" m_c="0.000000" m_d="1.000000" m_tx="0.000000" m_ty="0.000000"/>
  </frame>
  <frame idx="375" w="179" h="310" x="-15.000000" y="-112.000000">
   <element name="images" layername="red_arrow_down" frame="3" z_index="7" m_a="1.000000" m_b="0.000000" m_c="0.000000" m_d="1.000000" m_tx="0.000000" m_ty="0.000000"/>
  </frame>
  <frame idx="400" w="179" h="310" x="-15.000000" y="-112.000000">
   <element name="images" layername="red_arrow_down" frame="3" z_index="7" m_a="1.000000" m_b="0.000000" m_c="0.000000" m_d="1.000000" m_tx="0.000000" m_ty="0.000000"/>
  </frame>
  <frame idx="425" w="179" h="310" x="-15.000000" y="-112.000000">
   <element name="images" layername="red_arrow_down" frame="3" z_index="7" m_a="1.000000" m_b="0.000000" m_c="0.000000" m_d="1.000000" m_tx="0.000000" m_ty="0.000000"/>
  </frame>
  <frame idx="450" w="179" h="310" x="-15.000000" y="-112.000000">
   <element name="images" layername="red_arrow_down" frame="3" z_index="7" m_a="1.000000" m_b="0.000000" m_c="0.000000" m_d="1.000000" m_tx="0.000000" m_ty="0.000000"/>
  </frame>
  <frame idx="475" w="179" h="310" x="-15.000000" y="-112.000000">
   <element name="images" layername="red_arrow_down" frame="3" z_index="7" m_a="1.000000" m_b="0.000000" m_c="0.000000" m_d="1.000000" m_tx="0.000000" m_ty="0.000000"/>
  </frame>
  <frame idx="500" w="179" h="310" x="-15.000000" y="-112.000000">
   <element name="images" layername="red_arrow_down" frame="3" z_index="7" m_a="1.000000" m_b="0.000000" m_c="0.000000" m_d="1.000000" m_tx="0.000000" m_ty="0.000000"/>
  </frame>
  <frame idx="525" w="179" h="310" x="-15.000000" y="-112.000000">
   <element name="images" layername="red_arrow_down" frame="3" z_index="7" m_a="1.000000" m_b="0.000000" m_c="0.000000" m_d="1.000000" m_tx="0.000000" m_ty="0.000000"/>
  </frame>
  <frame idx="550" w="179" h="310" x="-15.000000" y="-112.000000">
   <element name="images" layername="red_arrow_down" frame="3" z_index="7" m_a="1.000000" m_b="0.000000" m_c="0.000000" m_d="1.000000" m_tx="0.000000" m_ty="0.000000"/>
  </frame>
  <frame idx="575" w="179" h="310" x="-15.000000" y="-112.000000">
   <element name="images" layername="red_arrow_down" frame="3" z_index="7" m_a="1.000000" m_b="0.000000" m_c="0.000000" m_d="1.000000" m_tx="0.000000" m_ty="0.000000"/>
  </frame>
  <frame idx="600" w="179" h="310" x="-15.000000" y="-112.000000">
   <element name="images" layername="red_arrow_down" frame="3" z_index="7" m_a="1.000000" m_b="0.000000" m_c="0.000000" m_d="1.000000" m_tx="0.000000" m_ty="0.000000"/>
  </frame>
  <frame idx="625" w="179" h="310" x="-15.000000" y="-112.000000">
   <element name="images" layername="red_arrow_down" frame="3" z_index="7" m_a="1.000000" m_b="0.000000" m_c="0.000000" m_d="1.000000" m_tx="0.000000" m_ty="0.000000"/>
  </frame>
  <frame idx="650" w="179" h="310" x="-15.000000" y="-112.000000">
   <element name="images" layername="red_arrow_down" frame="3" z_index="7" m_a="1.000000" m_b="0.000000" m_c="0.000000" m_d="1.000000" m_tx="0.000000" m_ty="0.000000"/>
  </frame>
  <frame idx="675" w="179" h="310" x="-15.000000" y="-112.000000">
   <element name="images" layername="red_arrow_down" frame="3" z_index="7" m_a="1.000000" m_b="0.000000" m_c="0.000000" m_d="1.000000" m_tx="0.000000" m_ty="0.000000"/>
  </frame>
  <frame idx="700" w="179" h="310" x="-15.000000" y="-112.000000">
   <element name="images" layername="red_arrow_down" frame="3" z_index="7" m_a="1.000000" m_b="0.000000" m_c="0.000000" m_d="1.000000" m_tx="0.000000" m_ty="0.000000"/>
  </frame>
  <frame idx="725" w="179" h="310" x="-15.000000" y="-112.000000">
   <element name="images" layername="red_arrow_down" frame="3" z_index="7" m_a="1.000000" m_b="0.000000" m_c="0.000000" m_d="1.000000" m_tx="0.000000" m_ty="0.000000"/>
  </frame>
  <frame idx="750" w="179" h="310" x="-15.000000" y="-112.000000">
   <element name="images" layername="red_arrow_down" frame="3" z_index="7" m_a="1.000000" m_b="0.000000" m_c="0.000000" m_d="1.000000" m_tx="0.000000" m_ty="0.000000"/>
  </frame>
  <frame idx="775" w="179" h="310" x="-15.000000" y="-112.000000">
   <element name="images" layername="red_arrow_down" frame="3" z_index="7" m_a="1.000000" m_b="0.000000" m_c="0.000000" m_d="1.000000" m_tx="0.000000" m_ty="0.000000"/>
  </frame>
  <frame idx="800" w="179" h="310" x="-15.000000" y="-112.000000">
   <element name="images" layername="red_arrow_down" frame="3" z_index="7" m_a="1.000000" m_b="0.000000" m_c="0.000000" m_d="1.000000" m_tx="0.000000" m_ty="0.000000"/>
  </frame>
  <frame idx="825" w="179" h="310" x="-15.000000" y="-112.000000">
   <element name="images" layername="red_arrow_down" frame="3" z_index="7" m_a="1.000000" m_b="0.000000" m_c="0.000000" m_d="1.000000" m_tx="0.000000" m_ty="0.000000"/>
  </frame>
  <frame idx="850" w="179" h="310" x="-15.000000" y="-112.000000">
   <element name="images" layername="red_arrow_down" frame="3" z_index="7" m_a="1.000000" m_b="0.000000" m_c="0.000000" m_d="1.000000" m_tx="0.000000" m_ty="0.000000"/>
  </frame>
  <frame idx="875" w="179" h="310" x="-15.000000" y="-112.000000">
   <element name="images" layername="red_arrow_down" frame="3" z_index="7" m_a="1.000000" m_b="0.000000" m_c="0.000000" m_d="1.000000" m_tx="0.000000" m_ty="0.000000"/>
  </frame>
  <frame idx="900" w="179" h="310" x="-15.000000" y="-112.000000">
   <element name="images" layername="red_arrow_down" frame="3" z_index="7" m_a="1.000000" m_b="0.000000" m_c="0.000000" m_d="1.000000" m_tx="0.000000" m_ty="0.000000"/>
  </frame>
  <frame idx="925" w="179" h="310" x="-15.000000" y="-112.000000">
   <element name="images" layername="red_arrow_down" frame="3" z_index="7" m_a="1.000000" m_b="0.000000" m_c="0.000000" m_d="1.000000" m_tx="0.000000" m_ty="0.000000"/>
  </frame>
  <frame idx="950" w="179" h="310" x="-15.000000" y="-112.000000">
   <element name="images" layername="red_arrow_down" frame="3" z_index="7" m_a="1.000000" m_b="0.000000" m_c="0.000000" m_d="1.000000" m_tx="0.000000" m_ty="0.000000"/>
  </frame>
  <frame idx="975" w="179" h="310" x="-15.000000" y="-112.000000">
   <element name="images" layername="red_arrow_down" frame="3" z_index="7" m_a="1.000000" m_b="0.000000" m_c="0.000000" m_d="1.000000" m_tx="0.000000" m_ty="0.000000"/>
  </frame>
 </anim>
 <anim name="left" root="bank" numframes="1000" framerate="40">
  <frame idx="0" w="77" h="168" x="-6.500000" y="-14.000000">
   <element name="images" layername="red_arrow_down" frame="5" z_index="7" m_a="1.000000" m_b="0.000000" m_c="0.000000" m_d="1.000000" m_tx="0.000000" m_ty="0.000000"/>
  </frame>
  <frame idx="25" w="77" h="168" x="-6.500000" y="-14.000000">
   <element name="images" layername="red_arrow_down" frame="5" z_index="7" m_a="1.000000" m_b="0.000000" m_c="0.000000" m_d="1.000000" m_tx="0.000000" m_ty="0.000000"/>
  </frame>
  <frame idx="50" w="77" h="168" x="-6.500000" y="-14.000000">
   <element name="images" layername="red_arrow_down" frame="5" z_index="7" m_a="1.000000" m_b="0.000000" m_c="0.000000" m_d="1.000000" m_tx="0.000000" m_ty="0.000000"/>
  </frame>
  <frame idx="75" w="77" h="168" x="-6.500000" y="-14.000000">
   <element name="images" layername="red_arrow_down" frame="5" z_index="7" m_a="1.000000" m_b="0.000000" m_c="0.000000" m_d="1.000000" m_tx="0.000000" m_ty="0.000000"/>
  </frame>
  <frame idx="100" w="77" h="168" x="-6.500000" y="-14.000000">
   <element name="images" layername="red_arrow_down" frame="5" z_index="7" m_a="1.000000" m_b="0.000000" m_c="0.000000" m_d="1.000000" m_tx="0.000000" m_ty="0.000000"/>
  </frame>
  <frame idx="125" w="77" h="168" x="-6.500000" y="-14.000000">
   <element name="images" layername="red_arrow_down" frame="5" z_index="7" m_a="1.000000" m_b="0.000000" m_c="0.000000" m_d="1.000000" m_tx="0.000000" m_ty="0.000000"/>
  </frame>
  <frame idx="150" w="77" h="168" x="-6.500000" y="-14.000000">
   <element name="images" layername="red_arrow_down" frame="5" z_index="7" m_a="1.000000" m_b="0.000000" m_c="0.000000" m_d="1.000000" m_tx="0.000000" m_ty="0.000000"/>
  </frame>
  <frame idx="175" w="77" h="168" x="-6.500000" y="-14.000000">
   <element name="images" layername="red_arrow_down" frame="5" z_index="7" m_a="1.000000" m_b="0.000000" m_c="0.000000" m_d="1.000000" m_tx="0.000000" m_ty="0.000000"/>
  </frame>
  <frame idx="200" w="77" h="168" x="-6.500000" y="-14.000000">
   <element name="images" layername="red_arrow_down" frame="5" z_index="7" m_a="1.000000" m_b="0.000000" m_c="0.000000" m_d="1.000000" m_tx="0.000000" m_ty="0.000000"/>
  </frame>
  <frame idx="225" w="77" h="168" x="-6.500000" y="-14.000000">
   <element name="images" layername="red_arrow_down" frame="5" z_index="7" m_a="1.000000" m_b="0.000000" m_c="0.000000" m_d="1.000000" m_tx="0.000000" m_ty="0.000000"/>
  </frame>
  <frame idx="250" w="77" h="168" x="-6.500000" y="-14.000000">
   <element name="images" layername="red_arrow_down" frame="5" z_index="7" m_a="1.000000" m_b="0.000000" m_c="0.000000" m_d="1.000000" m_tx="0.000000" m_ty="0.000000"/>
  </frame>
  <frame idx="275" w="77" h="168" x="-6.500000" y="-14.000000">
   <element name="images" layername="red_arrow_down" frame="5" z_index="7" m_a="1.000000" m_b="0.000000" m_c="0.000000" m_d="1.000000" m_tx="0.000000" m_ty="0.000000"/>
  </frame>
  <frame idx="300" w="77" h="168" x="-6.500000" y="-14.000000">
   <element name="images" layername="red_arrow_down" frame="5" z_index="7" m_a="1.000000" m_b="0.000000" m_c="0.000000" m_d="1.000000" m_tx="0.000000" m_ty="0.000000"/>
  </frame>
  <frame idx="325" w="77" h="168" x="-6.500000" y="-14.000000">
   <element name="images" layername="red_arrow_down" frame="5" z_index="7" m_a="1.000000" m_b="0.000000" m_c="0.000000" m_d="1.000000" m_tx="0.000000" m_ty="0.000000"/>
  </frame>
  <frame idx="350" w="77" h="168" x="-6.500000" y="-14.000000">
   <element name="images" layername="red_arrow_down" frame="5" z_index="7" m_a="1.000000" m_b="0.000000" m_c="0.000000" m_d="1.000000" m_tx="0.000000" m_ty="0.000000"/>
  </frame>
  <frame idx="375" w="77" h="168" x="-6.500000" y="-14.000000">
   <element name="images" layername="red_arrow_down" frame="5" z_index="7" m_a="1.000000" m_b="0.000000" m_c="0.000000" m_d="1.000000" m_tx="0.000000" m_ty="0.000000"/>
  </frame>
  <frame idx="400" w="77" h="168" x="-6.500000" y="-14.000000">
   <element name="images" layername="red_arrow_down" frame="5" z_index="7" m_a="1.000000" m_b="0.000000" m_c="0.000000" m_d="1.000000" m_tx="0.000000" m_ty="0.000000"/>
  </frame>
  <frame idx="425" w="77" h="168" x="-6.500000" y="-14.000000">
   <element name="images" layername="red_arrow_down" frame="5" z_index="7" m_a="1.000000" m_b="0.000000" m_c="0.000000" m_d="1.000000" m_tx="0.000000" m_ty="0.000000"/>
  </frame>
  <frame idx="450" w="77" h="168" x="-6.500000" y="-14.000000">
   <element name="images" layername="red_arrow_down" frame="5" z_index="7" m_a="1.000000" m_b="0.000000" m_c="0.000000" m_d="1.000000" m_tx="0.000000" m_ty="0.000000"/>
  </frame>
  <frame idx="475" w="77" h="168" x="-6.500000" y="-14.000000">
   <element name="images" layername="red_arrow_down" frame="5" z_index="7" m_a="1.000000" m_b="0.000000" m_c="0.000000" m_d="1.000000" m_tx="0.000000" m_ty="0.000000"/>
  </frame>
  <frame idx="500" w="77" h="168" x="-6.500000" y="-14.000000">
   <element name="images" layername="red_arrow_down" frame="5" z_index="7" m_a="1.000000" m_b="0.000000" m_c="0.000000" m_d="1.000000" m_tx="0.000000" m_ty="0.000000"/>
  </frame>
  <frame idx="525" w="77" h="168" x="-6.500000" y="-14.000000">
   <element name="images" layername="red_arrow_down" frame="5" z_index="7" m_a="1.000000" m_b="0.000000" m_c="0.000000" m_d="1.000000" m_tx="0.000000" m_ty="0.000000"/>
  </frame>
  <frame idx="550" w="77" h="168" x="-6.500000" y="-14.000000">
   <element name="images" layername="red_arrow_down" frame="5" z_index="7" m_a="1.000000" m_b="0.000000" m_c="0.000000" m_d="1.000000" m_tx="0.000000" m_ty="0.000000"/>
  </frame>
  <frame idx="575" w="77" h="168" x="-6.500000" y="-14.000000">
   <element name="images" layername="red_arrow_down" frame="5" z_index="7" m_a="1.000000" m_b="0.000000" m_c="0.000000" m_d="1.000000" m_tx="0.000000" m_ty="0.000000"/>
  </frame>
  <frame idx="600" w="77" h="168" x="-6.500000" y="-14.000000">
   <element name="images" layername="red_arrow_down" frame="5" z_index="7" m_a="1.000000" m_b="0.000000" m_c="0.000000" m_d="1.000000" m_tx="0.000000" m_ty="0.000000"/>
  </frame>
  <frame idx="625" w="77" h="168" x="-6.500000" y="-14.000000">
   <element name="images" layername="red_arrow_down" frame="5" z_index="7" m_a="1.000000" m_b="0.000000" m_c="0.000000" m_d="1.000000" m_tx="0.000000" m_ty="0.000000"/>
  </frame>
  <frame idx="650" w="77" h="168" x="-6.500000" y="-14.000000">
   <element name="images" layername="red_arrow_down" frame="5" z_index="7" m_a="1.000000" m_b="0.000000" m_c="0.000000" m_d="1.000000" m_tx="0.000000" m_ty="0.000000"/>
  </frame>
  <frame idx="675" w="77" h="168" x="-6.500000" y="-14.000000">
   <element name="images" layername="red_arrow_down" frame="5" z_index="7" m_a="1.000000" m_b="0.000000" m_c="0.000000" m_d="1.000000" m_tx="0.000000" m_ty="0.000000"/>
  </frame>
  <frame idx="700" w="77" h="168" x="-6.500000" y="-14.000000">
   <element name="images" layername="red_arrow_down" frame="5" z_index="7" m_a="1.000000" m_b="0.000000" m_c="0.000000" m_d="1.000000" m_tx="0.000000" m_ty="0.000000"/>
  </frame>
  <frame idx="725" w="77" h="168" x="-6.500000" y="-14.000000">
   <element name="images" layername="red_arrow_down" frame="5" z_index="7" m_a="1.000000" m_b="0.000000" m_c="0.000000" m_d="1.000000" m_tx="0.000000" m_ty="0.000000"/>
  </frame>
  <frame idx="750" w="77" h="168" x="-6.500000" y="-14.000000">
   <element name="images" layername="red_arrow_down" frame="5" z_index="7" m_a="1.000000" m_b="0.000000" m_c="0.000000" m_d="1.000000" m_tx="0.000000" m_ty="0.000000"/>
  </frame>
  <frame idx="775" w="77" h="168" x="-6.500000" y="-14.000000">
   <element name="images" layername="red_arrow_down" frame="5" z_index="7" m_a="1.000000" m_b="0.000000" m_c="0.000000" m_d="1.000000" m_tx="0.000000" m_ty="0.000000"/>
  </frame>
  <frame idx="800" w="77" h="168" x="-6.500000" y="-14.000000">
   <element name="images" layername="red_arrow_down" frame="5" z_index="7" m_a="1.000000" m_b="0.000000" m_c="0.000000" m_d="1.000000" m_tx="0.000000" m_ty="0.000000"/>
  </frame>
  <frame idx="825" w="77" h="168" x="-6.500000" y="-14.000000">
   <element name="images" layername="red_arrow_down" frame="5" z_index="7" m_a="1.000000" m_b="0.000000" m_c="0.000000" m_d="1.000000" m_tx="0.000000" m_ty="0.000000"/>
  </frame>
  <frame idx="850" w="77" h="168" x="-6.500000" y="-14.000000">
   <element name="images" layername="red_arrow_down" frame="5" z_index="7" m_a="1.000000" m_b="0.000000" m_c="0.000000" m_d="1.000000" m_tx="0.000000" m_ty="0.000000"/>
  </frame>
  <frame idx="875" w="77" h="168" x="-6.500000" y="-14.000000">
   <element name="images" layername="red_arrow_down" frame="5" z_index="7" m_a="1.000000" m_b="0.000000" m_c="0.000000" m_d="1.000000" m_tx="0.000000" m_ty="0.000000"/>
  </frame>
  <frame idx="900" w="77" h="168" x="-6.500000" y="-14.000000">
   <element name="images" layername="red_arrow_down" frame="5" z_index="7" m_a="1.000000" m_b="0.000000" m_c="0.000000" m_d="1.000000" m_tx="0.000000" m_ty="0.000000"/>
  </frame>
  <frame idx="925" w="77" h="168" x="-6.500000" y="-14.000000">
   <element name="images" layername="red_arrow_down" frame="5" z_index="7" m_a="1.000000" m_b="0.000000" m_c="0.000000" m_d="1.000000" m_tx="0.000000" m_ty="0.000000"/>
  </frame>
  <frame idx="950" w="77" h="168" x="-6.500000" y="-14.000000">
   <element name="images" layername="red_arrow_down" frame="5" z_index="7" m_a="1.000000" m_b="0.000000" m_c="0.000000" m_d="1.000000" m_tx="0.000000" m_ty="0.000000"/>
  </frame>
  <frame idx="975" w="77" h="168" x="-6.500000" y="-14.000000">
   <element name="images" layername="red_arrow_down" frame="5" z_index="7" m_a="1.000000" m_b="0.000000" m_c="0.000000" m_d="1.000000" m_tx="0.000000" m_ty="0.000000"/>
  </frame>
 </anim>
 <anim name="right" root="bank" numframes="1000" framerate="40">
  <frame idx="0" w="77" h="168" x="-6.500000" y="-14.000000">
   <element name="images" layername="red_arrow_down" frame="4" z_index="7" m_a="1.000000" m_b="0.000000" m_c="0.000000" m_d="1.000000" m_tx="0.000000" m_ty="0.000000"/>
  </frame>
  <frame idx="25" w="77" h="168" x="-6.500000" y="-14.000000">
   <element name="images" layername="red_arrow_down" frame="4" z_index="7" m_a="1.000000" m_b="0.000000" m_c="0.000000" m_d="1.000000" m_tx="0.000000" m_ty="0.000000"/>
  </frame>
  <frame idx="50" w="77" h="168" x="-6.500000" y="-14.000000">
   <element name="images" layername="red_arrow_down" frame="4" z_index="7" m_a="1.000000" m_b="0.000000" m_c="0.000000" m_d="1.000000" m_tx="0.000000" m_ty="0.000000"/>
  </frame>
  <frame idx="75" w="77" h="168" x="-6.500000" y="-14.000000">
   <element name="images" layername="red_arrow_down" frame="4" z_index="7" m_a="1.000000" m_b="0.000000" m_c="0.000000" m_d="1.000000" m_tx="0.000000" m_ty="0.000000"/>
  </frame>
  <frame idx="100" w="77" h="168" x="-6.500000" y="-14.000000">
   <element name="images" layername="red_arrow_down" frame="4" z_index="7" m_a="1.000000" m_b="0.000000" m_c="0.000000" m_d="1.000000" m_tx="0.000000" m_ty="0.000000"/>
  </frame>
  <frame idx="125" w="77" h="168" x="-6.500000" y="-14.000000">
   <element name="images" layername="red_arrow_down" frame="4" z_index="7" m_a="1.000000" m_b="0.000000" m_c="0.000000" m_d="1.000000" m_tx="0.000000" m_ty="0.000000"/>
  </frame>
  <frame idx="150" w="77" h="168" x="-6.500000" y="-14.000000">
   <element name="images" layername="red_arrow_down" frame="4" z_index="7" m_a="1.000000" m_b="0.000000" m_c="0.000000" m_d="1.000000" m_tx="0.000000" m_ty="0.000000"/>
  </frame>
  <frame idx="175" w="77" h="168" x="-6.500000" y="-14.000000">
   <element name="images" layername="red_arrow_down" frame="4" z_index="7" m_a="1.000000" m_b="0.000000" m_c="0.000000" m_d="1.000000" m_tx="0.000000" m_ty="0.000000"/>
  </frame>
  <frame idx="200" w="77" h="168" x="-6.500000" y="-14.000000">
   <element name="images" layername="red_arrow_down" frame="4" z_index="7" m_a="1.000000" m_b="0.000000" m_c="0.000000" m_d="1.000000" m_tx="0.000000" m_ty="0.000000"/>
  </frame>
  <frame idx="225" w="77" h="168" x="-6.500000" y="-14.000000">
   <element name="images" layername="red_arrow_down" frame="4" z_index="7" m_a="1.000000" m_b="0.000000" m_c="0.000000" m_d="1.000000" m_tx="0.000000" m_ty="0.000000"/>
  </frame>
  <frame idx="250" w="77" h="168" x="-6.500000" y="-14.000000">
   <element name="images" layername="red_arrow_down" frame="4" z_index="7" m_a="1.000000" m_b="0.000000" m_c="0.000000" m_d="1.000000" m_tx="0.000000" m_ty="0.000000"/>
  </frame>
  <frame idx="275" w="77" h="168" x="-6.500000" y="-14.000000">
   <element name="images" layername="red_arrow_down" frame="4" z_index="7" m_a="1.000000" m_b="0.000000" m_c="0.000000" m_d="1.000000" m_tx="0.000000" m_ty="0.000000"/>
  </frame>
  <frame idx="300" w="77" h="168" x="-6.500000" y="-14.000000">
   <element name="images" layername="red_arrow_down" frame="4" z_index="7" m_a="1.000000" m_b="0.000000" m_c="0.000000" m_d="1.000000" m_tx="0.000000" m_ty="0.000000"/>
  </frame>
  <frame idx="325" w="77" h="168" x="-6.500000" y="-14.000000">
   <element name="images" layername="red_arrow_down" frame="4" z_index="7" m_a="1.000000" m_b="0.000000" m_c="0.000000" m_d="1.000000" m_tx="0.000000" m_ty="0.000000"/>
  </frame>
  <frame idx="350" w="77" h="168" x="-6.500000" y="-14.000000">
   <element name="images" layername="red_arrow_down" frame="4" z_index="7" m_a="1.000000" m_b="0.000000" m_c="0.000000" m_d="1.000000" m_tx="0.000000" m_ty="0.000000"/>
  </frame>
  <frame idx="375" w="77" h="168" x="-6.500000" y="-14.000000">
   <element name="images" layername="red_arrow_down" frame="4" z_index="7" m_a="1.000000" m_b="0.000000" m_c="0.000000" m_d="1.000000" m_tx="0.000000" m_ty="0.000000"/>
  </frame>
  <frame idx="400" w="77" h="168" x="-6.500000" y="-14.000000">
   <element name="images" layername="red_arrow_down" frame="4" z_index="7" m_a="1.000000" m_b="0.000000" m_c="0.000000" m_d="1.000000" m_tx="0.000000" m_ty="0.000000"/>
  </frame>
  <frame idx="425" w="77" h="168" x="-6.500000" y="-14.000000">
   <element name="images" layername="red_arrow_down" frame="4" z_index="7" m_a="1.000000" m_b="0.000000" m_c="0.000000" m_d="1.000000" m_tx="0.000000" m_ty="0.000000"/>
  </frame>
  <frame idx="450" w="77" h="168" x="-6.500000" y="-14.000000">
   <element name="images" layername="red_arrow_down" frame="4" z_index="7" m_a="1.000000" m_b="0.000000" m_c="0.000000" m_d="1.000000" m_tx="0.000000" m_ty="0.000000"/>
  </frame>
  <frame idx="475" w="77" h="168" x="-6.500000" y="-14.000000">
   <element name="images" layername="red_arrow_down" frame="4" z_index="7" m_a="1.000000" m_b="0.000000" m_c="0.000000" m_d="1.000000" m_tx="0.000000" m_ty="0.000000"/>
  </frame>
  <frame idx="500" w="77" h="168" x="-6.500000" y="-14.000000">
   <element name="images" layername="red_arrow_down" frame="4" z_index="7" m_a="1.000000" m_b="0.000000" m_c="0.000000" m_d="1.000000" m_tx="0.000000" m_ty="0.000000"/>
  </frame>
  <frame idx="525" w="77" h="168" x="-6.500000" y="-14.000000">
   <element name="images" layername="red_arrow_down" frame="4" z_index="7" m_a="1.000000" m_b="0.000000" m_c="0.000000" m_d="1.000000" m_tx="0.000000" m_ty="0.000000"/>
  </frame>
  <frame idx="550" w="77" h="168" x="-6.500000" y="-14.000000">
   <element name="images" layername="red_arrow_down" frame="4" z_index="7" m_a="1.000000" m_b="0.000000" m_c="0.000000" m_d="1.000000" m_tx="0.000000" m_ty="0.000000"/>
  </frame>
  <frame idx="575" w="77" h="168" x="-6.500000" y="-14.000000">
   <element name="images" layername="red_arrow_down" frame="4" z_index="7" m_a="1.000000" m_b="0.000000" m_c="0.000000" m_d="1.000000" m_tx="0.000000" m_ty="0.000000"/>
  </frame>
  <frame idx="600" w="77" h="168" x="-6.500000" y="-14.000000">
   <element name="images" layername="red_arrow_down" frame="4" z_index="7" m_a="1.000000" m_b="0.000000" m_c="0.000000" m_d="1.000000" m_tx="0.000000" m_ty="0.000000"/>
  </frame>
  <frame idx="625" w="77" h="168" x="-6.500000" y="-14.000000">
   <element name="images" layername="red_arrow_down" frame="4" z_index="7" m_a="1.000000" m_b="0.000000" m_c="0.000000" m_d="1.000000" m_tx="0.000000" m_ty="0.000000"/>
  </frame>
  <frame idx="650" w="77" h="168" x="-6.500000" y="-14.000000">
   <element name="images" layername="red_arrow_down" frame="4" z_index="7" m_a="1.000000" m_b="0.000000" m_c="0.000000" m_d="1.000000" m_tx="0.000000" m_ty="0.000000"/>
  </frame>
  <frame idx="675" w="77" h="168" x="-6.500000" y="-14.000000">
   <element name="images" layername="red_arrow_down" frame="4" z_index="7" m_a="1.000000" m_b="0.000000" m_c="0.000000" m_d="1.000000" m_tx="0.000000" m_ty="0.000000"/>
  </frame>
  <frame idx="700" w="77" h="168" x="-6.500000" y="-14.000000">
   <element name="images" layername="red_arrow_down" frame="4" z_index="7" m_a="1.000000" m_b="0.000000" m_c="0.000000" m_d="1.000000" m_tx="0.000000" m_ty="0.000000"/>
  </frame>
  <frame idx="725" w="77" h="168" x="-6.500000" y="-14.000000">
   <element name="images" layername="red_arrow_down" frame="4" z_index="7" m_a="1.000000" m_b="0.000000" m_c="0.000000" m_d="1.000000" m_tx="0.000000" m_ty="0.000000"/>
  </frame>
  <frame idx="750" w="77" h="168" x="-6.500000" y="-14.000000">
   <element name="images" layername="red_arrow_down" frame="4" z_index="7" m_a="1.000000" m_b="0.000000" m_c="0.000000" m_d="1.000000" m_tx="0.000000" m_ty="0.000000"/>
  </frame>
  <frame idx="775" w="77" h="168" x="-6.500000" y="-14.000000">
   <element name="images" layername="red_arrow_down" frame="4" z_index="7" m_a="1.000000" m_b="0.000000" m_c="0.000000" m_d="1.000000" m_tx="0.000000" m_ty="0.000000"/>
  </frame>
  <frame idx="800" w="77" h="168" x="-6.500000" y="-14.000000">
   <element name="images" layername="red_arrow_down" frame="4" z_index="7" m_a="1.000000" m_b="0.000000" m_c="0.000000" m_d="1.000000" m_tx="0.000000" m_ty="0.000000"/>
  </frame>
  <frame idx="825" w="77" h="168" x="-6.500000" y="-14.000000">
   <element name="images" layername="red_arrow_down" frame="4" z_index="7" m_a="1.000000" m_b="0.000000" m_c="0.000000" m_d="1.000000" m_tx="0.000000" m_ty="0.000000"/>
  </frame>
  <frame idx="850" w="77" h="168" x="-6.500000" y="-14.000000">
   <element name="images" layername="red_arrow_down" frame="4" z_index="7" m_a="1.000000" m_b="0.000000" m_c="0.000000" m_d="1.000000" m_tx="0.000000" m_ty="0.000000"/>
  </frame>
  <frame idx="875" w="77" h="168" x="-6.500000" y="-14.000000">
   <element name="images" layername="red_arrow_down" frame="4" z_index="7" m_a="1.000000" m_b="0.000000" m_c="0.000000" m_d="1.000000" m_tx="0.000000" m_ty="0.000000"/>
  </frame>
  <frame idx="900" w="77" h="168" x="-6.500000" y="-14.000000">
   <element name="images" layername="red_arrow_down" frame="4" z_index="7" m_a="1.000000" m_b="0.000000" m_c="0.000000" m_d="1.000000" m_tx="0.000000" m_ty="0.000000"/>
  </frame>
  <frame idx="925" w="77" h="168" x="-6.500000" y="-14.000000">
   <element name="images" layername="red_arrow_down" frame="4" z_index="7" m_a="1.000000" m_b="0.000000" m_c="0.000000" m_d="1.000000" m_tx="0.000000" m_ty="0.000000"/>
  </frame>
  <frame idx="950" w="77" h="168" x="-6.500000" y="-14.000000">
   <element name="images" layername="red_arrow_down" frame="4" z_index="7" m_a="1.000000" m_b="0.000000" m_c="0.000000" m_d="1.000000" m_tx="0.000000" m_ty="0.000000"/>
  </frame>
  <frame idx="975" w="77" h="168" x="-6.500000" y="-14.000000">
   <element name="images" layername="red_arrow_down" frame="4" z_index="7" m_a="1.000000" m_b="0.000000" m_c="0.000000" m_d="1.000000" m_tx="0.000000" m_ty="0.000000"/>
  </frame>
 </anim>
 <anim name="up" root="bank" numframes="1000" framerate="40">
  <frame idx="0" w="57" h="203" x="-7.820000" y="-74.000000">
   <element name="images" layername="red_arrow_down" frame="6" z_index="7" m_a="1.000000" m_b="0.000000" m_c="0.000000" m_d="1.000000" m_tx="0.000000" m_ty="0.000000"/>
  </frame>
  <frame idx="25" w="57" h="203" x="-7.820000" y="-74.000000">
   <element name="images" layername="red_arrow_down" frame="6" z_index="7" m_a="1.000000" m_b="0.000000" m_c="0.000000" m_d="1.000000" m_tx="0.000000" m_ty="0.000000"/>
  </frame>
  <frame idx="50" w="57" h="203" x="-7.820000" y="-74.000000">
   <element name="images" layername="red_arrow_down" frame="6" z_index="7" m_a="1.000000" m_b="0.000000" m_c="0.000000" m_d="1.000000" m_tx="0.000000" m_ty="0.000000"/>
  </frame>
  <frame idx="75" w="57" h="203" x="-7.820000" y="-74.000000">
   <element name="images" layername="red_arrow_down" frame="6" z_index="7" m_a="1.000000" m_b="0.000000" m_c="0.000000" m_d="1.000000" m_tx="0.000000" m_ty="0.000000"/>
  </frame>
  <frame idx="100" w="57" h="203" x="-7.820000" y="-74.000000">
   <element name="images" layername="red_arrow_down" frame="6" z_index="7" m_a="1.000000" m_b="0.000000" m_c="0.000000" m_d="1.000000" m_tx="0.000000" m_ty="0.000000"/>
  </frame>
  <frame idx="125" w="57" h="203" x="-7.820000" y="-74.000000">
   <element name="images" layername="red_arrow_down" frame="6" z_index="7" m_a="1.000000" m_b="0.000000" m_c="0.000000" m_d="1.000000" m_tx="0.000000" m_ty="0.000000"/>
  </frame>
  <frame idx="150" w="57" h="203" x="-7.820000" y="-74.000000">
   <element name="images" layername="red_arrow_down" frame="6" z_index="7" m_a="1.000000" m_b="0.000000" m_c="0.000000" m_d="1.000000" m_tx="0.000000" m_ty="0.000000"/>
  </frame>
  <frame idx="175" w="57" h="203" x="-7.820000" y="-74.000000">
   <element name="images" layername="red_arrow_down" frame="6" z_index="7" m_a="1.000000" m_b="0.000000" m_c="0.000000" m_d="1.000000" m_tx="0.000000" m_ty="0.000000"/>
  </frame>
  <frame idx="200" w="57" h="203" x="-7.820000" y="-74.000000">
   <element name="images" layername="red_arrow_down" frame="6" z_index="7" m_a="1.000000" m_b="0.000000" m_c="0.000000" m_d="1.000000" m_tx="0.000000" m_ty="0.000000"/>
  </frame>
  <frame idx="225" w="57" h="203" x="-7.820000" y="-74.000000">
   <element name="images" layername="red_arrow_down" frame="6" z_index="7" m_a="1.000000" m_b="0.000000" m_c="0.000000" m_d="1.000000" m_tx="0.000000" m_ty="0.000000"/>
  </frame>
  <frame idx="250" w="57" h="203" x="-7.820000" y="-74.000000">
   <element name="images" layername="red_arrow_down" frame="6" z_index="7" m_a="1.000000" m_b="0.000000" m_c="0.000000" m_d="1.000000" m_tx="0.000000" m_ty="0.000000"/>
  </frame>
  <frame idx="275" w="57" h="203" x="-7.820000" y="-74.000000">
   <element name="images" layername="red_arrow_down" frame="6" z_index="7" m_a="1.000000" m_b="0.000000" m_c="0.000000" m_d="1.000000" m_tx="0.000000" m_ty="0.000000"/>
  </frame>
  <frame idx="300" w="57" h="203" x="-7.820000" y="-74.000000">
   <element name="images" layername="red_arrow_down" frame="6" z_index="7" m_a="1.000000" m_b="0.000000" m_c="0.000000" m_d="1.000000" m_tx="0.000000" m_ty="0.000000"/>
  </frame>
  <frame idx="325" w="57" h="203" x="-7.820000" y="-74.000000">
   <element name="images" layername="red_arrow_down" frame="6" z_index="7" m_a="1.000000" m_b="0.000000" m_c="0.000000" m_d="1.000000" m_tx="0.000000" m_ty="0.000000"/>
  </frame>
  <frame idx="350" w="57" h="203" x="-7.820000" y="-74.000000">
   <element name="images" layername="red_arrow_down" frame="6" z_index="7" m_a="1.000000" m_b="0.000000" m_c="0.000000" m_d="1.000000" m_tx="0.000000" m_ty="0.000000"/>
  </frame>
  <frame idx="375" w="57" h="203" x="-7.820000" y="-74.000000">
   <element name="images" layername="red_arrow_down" frame="6" z_index="7" m_a="1.000000" m_b="0.000000" m_c="0.000000" m_d="1.000000" m_tx="0.000000" m_ty="0.000000"/>
  </frame>
  <frame idx="400" w="57" h="203" x="-7.820000" y="-74.000000">
   <element name="images" layername="red_arrow_down" frame="6" z_index="7" m_a="1.000000" m_b="0.000000" m_c="0.000000" m_d="1.000000" m_tx="0.000000" m_ty="0.000000"/>
  </frame>
  <frame idx="425" w="57" h="203" x="-7.820000" y="-74.000000">
   <element name="images" layername="red_arrow_down" frame="6" z_index="7" m_a="1.000000" m_b="0.000000" m_c="0.000000" m_d="1.000000" m_tx="0.000000" m_ty="0.000000"/>
  </frame>
  <frame idx="450" w="57" h="203" x="-7.820000" y="-74.000000">
   <element name="images" layername="red_arrow_down" frame="6" z_index="7" m_a="1.000000" m_b="0.000000" m_c="0.000000" m_d="1.000000" m_tx="0.000000" m_ty="0.000000"/>
  </frame>
  <frame idx="475" w="57" h="203" x="-7.820000" y="-74.000000">
   <element name="images" layername="red_arrow_down" frame="6" z_index="7" m_a="1.000000" m_b="0.000000" m_c="0.000000" m_d="1.000000" m_tx="0.000000" m_ty="0.000000"/>
  </frame>
  <frame idx="500" w="57" h="203" x="-7.820000" y="-74.000000">
   <element name="images" layername="red_arrow_down" frame="6" z_index="7" m_a="1.000000" m_b="0.000000" m_c="0.000000" m_d="1.000000" m_tx="0.000000" m_ty="0.000000"/>
  </frame>
  <frame idx="525" w="57" h="203" x="-7.820000" y="-74.000000">
   <element name="images" layername="red_arrow_down" frame="6" z_index="7" m_a="1.000000" m_b="0.000000" m_c="0.000000" m_d="1.000000" m_tx="0.000000" m_ty="0.000000"/>
  </frame>
  <frame idx="550" w="57" h="203" x="-7.820000" y="-74.000000">
   <element name="images" layername="red_arrow_down" frame="6" z_index="7" m_a="1.000000" m_b="0.000000" m_c="0.000000" m_d="1.000000" m_tx="0.000000" m_ty="0.000000"/>
  </frame>
  <frame idx="575" w="57" h="203" x="-7.820000" y="-74.000000">
   <element name="images" layername="red_arrow_down" frame="6" z_index="7" m_a="1.000000" m_b="0.000000" m_c="0.000000" m_d="1.000000" m_tx="0.000000" m_ty="0.000000"/>
  </frame>
  <frame idx="600" w="57" h="203" x="-7.820000" y="-74.000000">
   <element name="images" layername="red_arrow_down" frame="6" z_index="7" m_a="1.000000" m_b="0.000000" m_c="0.000000" m_d="1.000000" m_tx="0.000000" m_ty="0.000000"/>
  </frame>
  <frame idx="625" w="57" h="203" x="-7.820000" y="-74.000000">
   <element name="images" layername="red_arrow_down" frame="6" z_index="7" m_a="1.000000" m_b="0.000000" m_c="0.000000" m_d="1.000000" m_tx="0.000000" m_ty="0.000000"/>
  </frame>
  <frame idx="650" w="57" h="203" x="-7.820000" y="-74.000000">
   <element name="images" layername="red_arrow_down" frame="6" z_index="7" m_a="1.000000" m_b="0.000000" m_c="0.000000" m_d="1.000000" m_tx="0.000000" m_ty="0.000000"/>
  </frame>
  <frame idx="675" w="57" h="203" x="-7.820000" y="-74.000000">
   <element name="images" layername="red_arrow_down" frame="6" z_index="7" m_a="1.000000" m_b="0.000000" m_c="0.000000" m_d="1.000000" m_tx="0.000000" m_ty="0.000000"/>
  </frame>
  <frame idx="700" w="57" h="203" x="-7.820000" y="-74.000000">
   <element name="images" layername="red_arrow_down" frame="6" z_index="7" m_a="1.000000" m_b="0.000000" m_c="0.000000" m_d="1.000000" m_tx="0.000000" m_ty="0.000000"/>
  </frame>
  <frame idx="725" w="57" h="203" x="-7.820000" y="-74.000000">
   <element name="images" layername="red_arrow_down" frame="6" z_index="7" m_a="1.000000" m_b="0.000000" m_c="0.000000" m_d="1.000000" m_tx="0.000000" m_ty="0.000000"/>
  </frame>
  <frame idx="750" w="57" h="203" x="-7.820000" y="-74.000000">
   <element name="images" layername="red_arrow_down" frame="6" z_index="7" m_a="1.000000" m_b="0.000000" m_c="0.000000" m_d="1.000000" m_tx="0.000000" m_ty="0.000000"/>
  </frame>
  <frame idx="775" w="57" h="203" x="-7.820000" y="-74.000000">
   <element name="images" layername="red_arrow_down" frame="6" z_index="7" m_a="1.000000" m_b="0.000000" m_c="0.000000" m_d="1.000000" m_tx="0.000000" m_ty="0.000000"/>
  </frame>
  <frame idx="800" w="57" h="203" x="-7.820000" y="-74.000000">
   <element name="images" layername="red_arrow_down" frame="6" z_index="7" m_a="1.000000" m_b="0.000000" m_c="0.000000" m_d="1.000000" m_tx="0.000000" m_ty="0.000000"/>
  </frame>
  <frame idx="825" w="57" h="203" x="-7.820000" y="-74.000000">
   <element name="images" layername="red_arrow_down" frame="6" z_index="7" m_a="1.000000" m_b="0.000000" m_c="0.000000" m_d="1.000000" m_tx="0.000000" m_ty="0.000000"/>
  </frame>
  <frame idx="850" w="57" h="203" x="-7.820000" y="-74.000000">
   <element name="images" layername="red_arrow_down" frame="6" z_index="7" m_a="1.000000" m_b="0.000000" m_c="0.000000" m_d="1.000000" m_tx="0.000000" m_ty="0.000000"/>
  </frame>
  <frame idx="875" w="57" h="203" x="-7.820000" y="-74.000000">
   <element name="images" layername="red_arrow_down" frame="6" z_index="7" m_a="1.000000" m_b="0.000000" m_c="0.000000" m_d="1.000000" m_tx="0.000000" m_ty="0.000000"/>
  </frame>
  <frame idx="900" w="57" h="203" x="-7.820000" y="-74.000000">
   <element name="images" layername="red_arrow_down" frame="6" z_index="7" m_a="1.000000" m_b="0.000000" m_c="0.000000" m_d="1.000000" m_tx="0.000000" m_ty="0.000000"/>
  </frame>
  <frame idx="925" w="57" h="203" x="-7.820000" y="-74.000000">
   <element name="images" layername="red_arrow_down" frame="6" z_index="7" m_a="1.000000" m_b="0.000000" m_c="0.000000" m_d="1.000000" m_tx="0.000000" m_ty="0.000000"/>
  </frame>
  <frame idx="950" w="57" h="203" x="-7.820000" y="-74.000000">
   <element name="images" layername="red_arrow_down" frame="6" z_index="7" m_a="1.000000" m_b="0.000000" m_c="0.000000" m_d="1.000000" m_tx="0.000000" m_ty="0.000000"/>
  </frame>
  <frame idx="975" w="57" h="203" x="-7.820000" y="-74.000000">
   <element name="images" layername="red_arrow_down" frame="6" z_index="7" m_a="1.000000" m_b="0.000000" m_c="0.000000" m_d="1.000000" m_tx="0.000000" m_ty="0.000000"/>
  </frame>
 </anim>
</Anims>
